internship_title,company_name,location,start_date,duration,stipend
Java Development,SunbaseData,Work From Home,Immediately,6 Months,"30,000"
Java Development,SunbaseData,Work From Home,Immediately,6 Months,"30,000"
Accounting and Finance,DAKSM & Co. LLP,Noida,Immediately,6 Months,"10,000"
Sales & Digital Marketing,Bharat Natural Elements Private Limited,Bangalore,Immediately,6 Months,"5,000"
Social Entrepreneurship,Hamari Pahchan NGO,Work From Home,Immediately,6 Months,
Videography & Photography,Esquare Lifestyle,Bangalore,Immediately,6 Months,"12,000"
English Curriculum Writing,Team Everest,Work From Home,Immediately,6 Months,
Search Engine Optimization (SEO),Global Trend,Work From Home,Immediately,6 Months,"5,000"
Digital Dreamweaver: Internship Odyssey In Graphic Design,Global Trend,Work From Home,Immediately,6 Months,"7,000"
Graphic Design,Expedify,Work From Home,Immediately,6 Months,"15,000"
Campus Ambassador,Internshala,Work From Home,Not specified,6 Months,"20,000"
Customer Support Management,ClearTax,Bangalore,Immediately,6 Months,"30,000"
Bilingual Content Writing,Aam Aadmi Party,Delhi,Immediately,6 Months,
Office Operations,Aam Aadmi Party,Delhi,Immediately,6 Months,
Design,Sanghvi Beauty & Technologies Private Limited (MyGlamm),Delhi,Immediately,6 Months,"10,000"
Copywriting,Sanghvi Beauty & Technologies Private Limited (MyGlamm),Delhi,Immediately,6 Months,"10,000"
Social Media And Influencer Marketing,Hungama Digital Media Entertainment Private Limited,Mumbai,Immediately,6 Months,"5,000"
Social Media And Influencer Marketing,Hungama Digital Media Entertainment Private Limited,Mumbai,Immediately,6 Months,"5,000"
Customer Success,ClearTax,Bangalore,Immediately,6 Months,"20,000"
Instagram/TikTok Reel Creation,Across The Globe (ATG),Work From Home,Immediately,6 Months,"2,500"
Corporate Sales,Across The Globe (ATG),Work From Home,Immediately,6 Months,"2,000"
Affiliate Marketing,Across The Globe (ATG),Work From Home,Immediately,6 Months,"2,500"
Product Management,Saregama India Limited,Mumbai,Immediately,6 Months,"10,000"
Influencer Marketing,Subhansh Sewa Trust,Work From Home,Immediately,6 Months,
Media And Public Relations (PR),Subhansh Sewa Trust,Work From Home,Immediately,6 Months,
Law/Legal,Thomas Cook,Mumbai,Immediately,6 Months,"3,000"
Human Resources (HR),Sanghvi Beauty & Technologies Private Limited (MyGlamm),Delhi,Immediately,6 Months,"10,000"
PHP Laravel Development,Across The Globe (ATG),Work From Home,Immediately,6 Months,"2,500"
Campus Ambassador,Subhansh Sewa Trust,Work From Home,Immediately,6 Months,
Social Work,Subhansh Sewa Trust,Work From Home,Immediately,6 Months,
Social (Fundraising),Subhansh Sewa Trust,Work From Home,Immediately,6 Months,
Human Resources (HR),Paisabazaar,Gurgaon,Immediately,6 Months,"20,000"
Sales,Prolance,Bangalore,Immediately,6 Months,"5,000"
Sales  Executive,NoBroker Technologies Solutions Private Limited,Bangalore,Immediately,6 Months,"12,000"
Marketing,HarperCollins Publishers India Private Limited,Gurgaon,Immediately,6 Months,"5,000"
Human Resources (HR),Zucol Group Of Companies,Gurgaon,Immediately,6 Months,"8,000"
Sales,NoBroker Technologies Solutions Private Limited,Chennai,Immediately,6 Months,"12,000"
Recruitment,Ozzone Group,Work From Home,Immediately,6 Months,"4,500"
Recruitment,Ozzone Group,Work From Home,Immediately,6 Months,"4,500"
Sales,Reliance Brands Limited,Chandigarh,Immediately,6 Months,"14,000"
UX Design,Techolution,Work From Home,Immediately,6 Months,"15,000"
HR Consultant,Paracoat Products Limited,Gurgaon,Immediately,6 Months,"15,000"
Law/Legal,Techolution,Work From Home,Immediately,6 Months,"15,000"
L&D,Godrej And Boyce Manufacturing Company Limited,Mumbai,Immediately,6 Months,"4,000"
Human Resources (HR),Trent Hypermarket Private Limited - STAR Bazaar,Mumbai,Immediately,6 Months,"10,000"
Search Engine Optimization (SEO),CollegeDunia Web Private Limited,Work From Home,Immediately,6 Months,"15,000"
Human Resources (HR),International SOS,Mumbai,Immediately,6 Months,"15,000"
Launch Management,Cultfit Healthcare Private Limited,Hyderabad,Immediately,6 Months,"25,000"
Marketing,Shree Maruti Courier Service Private Limited,Sachin INA,Immediately,6 Months,"7,000"
HR - Talent Acquisition,Niva Bupa Health Insurance,Noida,Immediately,6 Months,"10,000"
Campus Ambassador,Across The Globe (ATG),Work From Home,Immediately,6 Months,
Customer Support,NoBroker Technologies Solution Private Limited,Bangalore,Immediately,6 Months,"12,000"
Human Resources (HR),Motilal Oswal Financial Services Limited,Mumbai,Immediately,6 Months,"5,000"
Sales,Across The Globe (ATG),Work From Home,Immediately,3 Months,"2,000"
Marketing,Vedantu Innovations,Tiruchirappalli,Immediately,3 Months,"20,000"
Generative Adversarial Networks,Across The Globe (ATG),Work From Home,Immediately,3 Months,"12,000"
Node.js Development,Across The Globe (ATG),Work From Home,Immediately,3 Months,"2,500"
Product Management (Technical),Across The Globe (ATG),Work From Home,Immediately,3 Months,"8,000"
Web Development (Frontend),Across The Globe (ATG),Work From Home,Immediately,3 Months,"7,500"
Sales,NoBroker Technologies Solutions Private Limited,Hyderabad,Immediately,3 Months,"15,000"
Technical Content Writing,Across The Globe (ATG),Work From Home,Immediately,3 Months,"2,500"
MERN Stack Development,Across The Globe (ATG),Work From Home,Immediately,3 Months,"10,000"
ReactJs Development,Across The Globe (ATG),Work From Home,Immediately,3 Months,"5,000"
Python Django Development,Across The Globe (ATG),Work From Home,Immediately,3 Months,"2,500"
Python Automation,Across The Globe (ATG),Work From Home,Immediately,3 Months,"2,500"
HR & Admin,Modenik Lifestyle Private Limited,Bangalore,Immediately,3 Months,"8,000"
Resource Management,Techolution,Hyderabad,Immediately,3 Months,"15,000"
Project Management,IIT Bombay,Work From Home,Immediately,3 Months,"2,000"
Business Development,Ozzone Group,Work From Home,Immediately,3 Months,"10,000"
Business Development (Sales),NoBroker Technologies Solutions Private Limited,Ahmedabad,Immediately,3 Months,"15,000"
Sales Promotion,IndiaFirst Life Private Limited,Mumbai,Immediately,3 Months,"20,000"
UI Design,Pepperfry,Mumbai,Immediately,3 Months,"15,000"
Project Management (Marketing),Across The Globe (ATG),Work From Home,Immediately,3 Months,"7,000"
Finance & Accounting,MetrixLab,Hyderabad,Immediately,3 Months,"18,000"
Customer Relationship,NoBroker Technologies Solutions Private Limited,Bangalore,Immediately,3 Months,"12,000"
Talent Acquisition,Amara Raja Group,Hyderabad,Immediately,3 Months,"15,000"
Communication & Project Management,Teach For India,Hyderabad,Immediately,3 Months,"4,000"
Logistics And Operations,Delhivery,Mumbai,Immediately,3 Months,"8,000"
Event Management,Times Internet,Noida,Immediately,3 Months,"10,000"
Content Writing,LeadSquared,Bangalore,Immediately,3 Months,"20,000"
Environment Education Program (Mumbai),WWF-India,Mumbai,Immediately,3 Months,"10,000"
Business Development (Sales),Anarock Property Consultant Private Limited,Bangalore,Immediately,3 Months,"20,000"
Human Resources (HR),Zee Media Corporation Limited,Noida,Immediately,3 Months,"2,000"
Finance,CaratLane Trading Private Limited,Chennai,Immediately,3 Months,"15,000"
Customer Service,Ferns N Petals,Gurgaon,Not specified,3 Months,"15,000"
Advertising Sales(Business Development) - Kerala (Malayalam),ShareChat,Work From Home,Immediately,3 Months,"15,000"
Human Resources (HR),Agarwal Packers & Movers Limited,Delhi,Immediately,3 Months,"10,000"
Legal,Sanghvi Beauty & Technologies Private Limited (MyGlamm),Mumbai,Immediately,3 Months,"15,000"
Sales,NoBroker Technologies Solutions Private Limited,Vadodara,Immediately,3 Months,"12,000"
Human Resources (HR),MAHANADI SPICES,Bilaspur,Immediately,3 Months,"20,000"
Fundraising,Marpu Foundation,Work From Home,Immediately,3 Months,
Fundraising,Marpu Foundation,Work From Home,Immediately,3 Months,
Recruitment,Marpu Foundation,Work From Home,Immediately,3 Months,
Human Resources (HR),Marpu Foundation,Work From Home,Immediately,3 Months,
Talent Acquisition,Marpu Foundation,Work From Home,Immediately,1 Week,
"New Client Aquisition, Key Accounts Management",Pepperfry Limited,Panvel,Immediately,1 Week,"8,000"
Talent Acquisition,Scaler Academy,Work From Home,Immediately,1 Week,"5,000"
Omni Sport Leadership - Hiking/Trekking,Decathlon,Mumbai,Immediately,1 Week,"15,000"
Business Development Management,Across The Globe (ATG),Work From Home,Immediately,1 Week,"1,000"
Data Entry With Marketing,Across The Globe (ATG),Work From Home,Immediately,1 Week,"1,000"
Social Work,Marpu Foundation,Work From Home,Immediately,1 Week,
Human Resources (HR),Jiva Ayurveda,Faridabad,Immediately,1 Week,"5,000"
Campus Ambassador,IIT Roorkee,Work From Home,Immediately,1 Week,
Content Writing,Xiaomi Technology India Private Limited,Bangalore,Immediately,1 Week,"20,000"
Operations,NoBroker Technologies Solutions Private Limited,Noida,Immediately,1 Week,"15,000"
Resource Management,Techolution,Hyderabad,Immediately,1 Week,"15,000"
Human Resources (HR),Zucol Group Of Companies,Jaipur,Immediately,1 Week,"10,000"
HR Operations,Freecharge Payments Technology Private Limited,Gurgaon,Immediately,1 Week,"15,000"
Guest Relation Operations,Apollo Hospitals,Navi Mumbai,Immediately,1 Week,"5,000"
Business Development (Sales),Decathlon Sport India,Ahmedabad,Immediately,1 Week,"10,000"
Event Coordination,Aam Aadmi Party,Delhi,Immediately,1 Week,
Graphic Design,Educate Girls,Mumbai,Immediately,1 Week,"12,000"
Human Resources (HR),Subhansh Sewa Trust,Work From Home,Immediately,1 Week,
Induction Representation,Subhansh Sewa Trust,Work From Home,Immediately,1 Week,
Business Development (Sales),Urban Company,Bhubaneswar,Immediately,1 Week,"20,000"
Human Resources (HR),Community Action Through Motivation Program,Naya Raipur,Immediately,1 Week,"3,000"
Field Sales,LIC,Ahmedabad,Immediately,1 Week,"5,000"
Business Development (Sales),Decathlon Sports India,Ahmedabad,Immediately,1 Week,"10,000"
City Management,Urban Company,Mumbai,Immediately,1 Week,"25,000"
Social Media Management,Life Fitness,Work From Home,Immediately,1 Week,"1,000"
Human Resources (HR),Paradise Food Court Private Limited,Hyderabad,Immediately,1 Week,"5,000"
Video Editor,Subhansh Sewa Trust,Work From Home,Immediately,1 Week,
Human Resources (HR),APAC Financial Services Private Limited,Mumbai,Immediately,1 Week,"8,000"
Social Media Marketing,Sportskeeda,Work From Home,Immediately,1 Week,"10,000"
Omni Sports Leader,Decathlon,Thane,Immediately,1 Week,"10,000"
Graphic Design,CIIE Initiatives (IIM Ahmedabad),Ahmedabad,Immediately,1 Week,"10,000"
Graphic Design,CIIE Initiatives (IIM Ahmedabad),Ahmedabad,Immediately,1 Week,"10,000"
Business Development (Sales),Urban Company,Bangalore,Immediately,1 Week,"25,000"
Graphic Design,Saregama India Limited,Chennai,Immediately,1 Week,"10,000"
Android App Development,Star Health & Allied Insurance Company Limited,Vrindavan,Immediately,1 Week,"5,000"
Talent Acquisition,Techolution,Work From Home,Immediately,1 Week,"15,000"
Telecalling,Air India SATS Airport Services Private Limited,Delhi,Immediately,1 Week,"15,000"
Business Development (Sales),Urban Company,Mumbai,Immediately,1 Week,"25,000"
Operations,PcsInfinity,Delhi,Immediately,3 Months,"10,000"
Company Secretary (CS),Justdial,Mumbai,Immediately,1 Week,"12,000"
Human Resources (HR),Media.net,Bangalore,Immediately,1 Week,"15,000"
Content Writing,OfBusiness,Gurgaon,Immediately,4 Months,"20,000"
Talent Acquisition,Ozone Overseas Private Limited,Gurgaon,Immediately,4 Months,"15,000"
Webinar Operations & Strategy,Simplilearn Solutions Private Limited,Bangalore,Immediately,4 Months,"15,000"
Business Development (Sales),Pioneer E Solutions,Gurgaon,Immediately,4 Months,"15,000"
Social Media Manager,Subhansh Sewa Trust,Work From Home,Immediately,4 Months,
Journalism,Press Trust Of India,Delhi,Immediately,4 Months,"20,000"
Business Operations,Pristyn Care,Gurgaon,Immediately,4 Months,"8,000"
Online Reputation Management,Motilal Oswal Financial Services Limited,Mumbai,Immediately,4 Months,"5,000"
Strategy and Research,Vedantu,Bangalore,Immediately,4 Months,"25,000"
Human Resources (HR),Subhansh Sewa Trust,Work From Home,Immediately,4 Months,
HR,AU Small Finance Bank,Mumbai,Immediately,4 Months,"2,000"
Business Development,CollegeDunia Web Private Limited,Gurgaon,Immediately,4 Months,"10,000"
Web Maintenance,Tata Motors,Mumbai,Immediately,4 Months,"8,000"
User Research,Leverage Edu,Noida,Immediately,4 Months,"10,000"
Nutraceuticals-Project,Akums Drugs & Pharmaceuticals Limited,Delhi,Immediately,4 Months,"12,000"
Finance & Accounting,Ieng Groups,Bangalore,Immediately,4 Months,"5,000"
Sales Administration,Fresenius Kabi,Pune,Immediately,4 Months,"20,000"
Marketing And Communications,Zee Entertainment Enterprises Limited,Mumbai,Immediately,4 Months,"7,000"
Business Development (Sales),Urban Company,Patna,Immediately,4 Months,"20,000"
Human Resources (HR),SILA Group,Bangalore,Immediately,4 Months,"8,000"
Program Operations,Bharti Foundation,Gurgaon,Immediately,4 Months,"17,500"
Volunteering,International Human Rights Protection Commission,Andhra Pradesh,Immediately,4 Months,
Social Entrepreneurship,Subhansh Sewa Trust,Work From Home,Immediately,4 Months,
HR,Gupshup Technology,Mumbai,Immediately,4 Months,"10,000"
Graphic Design,Bajaj Finance Limited,Pune,Immediately,4 Months,"15,000"
Graphic And Content,Hero Vired,Delhi,Immediately,4 Months,"20,000"
DEI Consulting,Godrej Agrovet Limited,Mumbai,Immediately,4 Months,"15,000"
Fundraising,WWF India,Delhi,Immediately,4 Months,"18,000"
Angular UI Development & UI Design,IIT Bombay,Work From Home,Immediately,4 Months,"1,000"
Teaching GPAT And Pharmacy Exams,Unacademy,Work From Home,Immediately,4 Months,"20,000"
Business Operations And Research,Benesse India,Delhi,Immediately,4 Months,"25,000"
Business Operations And Research,Benesse India,Delhi,Immediately,4 Months,"25,000"
Business Development & Brand Solution,Hungama Digital Media Entertainment Private Limited,Mumbai,Immediately,4 Months,"5,000"
Supply Chain & Logistics Operations,Inland World Logistics Private Limited,Coimbatore,Immediately,4 Months,"10,000"
Content Writing,HT Media,Mumbai,Immediately,4 Months,"5,000"
Motion Design,NoBroker,Bangalore,Immediately,4 Months,"12,000"
Sales Trainee,Pioneer E-Solutions,Gurgaon,Immediately,4 Months,"10,000"
Retail Management,Decathlon Sports India,Patna,Immediately,4 Months,"7,000"
Operation Analyst,Apollo247,Gurgaon,Immediately,4 Months,"15,000"
Omni Sports Leadership,Decathlon Sport India Private Limited,Ludhiana,Immediately,4 Months,"10,000"
HR Operations,UpGrad (U Education Management Private Limited),Gurgaon,Immediately,4 Months,"10,000"
Human Resources (HR),Hungama Digital Media Entertainment Private Limited,Mumbai,Immediately,6 Months,"5,000"
Omni Sports Leading,Decathlon Sport India Private Limited,Mumbai,Immediately,6 Months,"13,000"
IT Coordination,Vaibhav Global Limited,Jaipur,Immediately,6 Months,"10,000"
Admin,Worldwide Media (Times Group),Mumbai,Immediately,6 Months,"5,000"
Graphic Design,Priyanka Singh,Jaipur,Immediately,6 Months,"5,000"
Software Development ?·V?“yojaka Tool,IIT Bombay,Work From Home,Immediately,6 Months,"3,000"
Product Management,Tynor Orthotics Private Limited,Mohali,Immediately,6 Months,"2,000"
Omni Sport Leader,Decathlon Sports India,Pimpri-Chinchwad,Immediately,6 Months,"10,000"
Business Development (Sales),UpGrad (UpGrad Education Private Limited),Nagpur,Immediately,6 Months,"2,500"
Graphic Design,Futurionic Private Limited,Work From Home,Immediately,6 Months,"5,000"
Business Development (Sales),Cultfit Healthcare Private Limited,Bangalore,Immediately,6 Months,"20,000"
Human Resources (HR),Subhansh Sewa Trust,Work From Home,Immediately,6 Months,
Youtube Management,Unacademy,Bangalore,Immediately,6 Months,"15,000"
Marketing,Absolute Barbecue Private Limited,Hyderabad,Immediately,6 Months,"6,000"
Event Management,Office Of Advisor To CM,Delhi,Immediately,6 Months,
Customer Service,Kalpataru Limited,Mumbai,Immediately,6 Months,"10,000"
Marketing,Motilal Oswal Financial Services Limited,Mumbai,Immediately,6 Months,"5,000"
Public Relations,Across The Globe (ATG),Work From Home,Immediately,6 Months,"1,500"
Public Relations,Across The Globe (ATG),Work From Home,Immediately,6 Months,"1,500"
Talent Acquisition,MRCC Solutions,Thane,Immediately,6 Months,"10,000"
Human Resources (HR),Zucol Group Of Companies,Indore,Immediately,6 Months,"5,000"
Sales (Real Estate),Anarock Property Consultant Private Limited,Pune,Immediately,6 Months,"10,000"
Customer Experience,Snapdeal,Gurgaon,Immediately,6 Months,"10,000"
Insurance Consulting,Bajaj Allianz Life Insurance Company Limited,Work From Home,Immediately,6 Months,"12,000"
Resource Management,Techolution,Hyderabad,Immediately,6 Months,"15,000"
Curriculum Development,Educate Girls,Mumbai,Immediately,6 Months,"17,000"
Digital Marketing,Audi Mumbai West,Mumbai,Immediately,6 Months,"15,000"
Social Work,INDIA Redefined,Work From Home,Immediately,6 Months,
Lead HR (Admin),Aam Aadmi Party,Work From Home,Immediately,6 Months,
HR,WWF India,Delhi,Immediately,6 Months,"10,000"
Content Creation & Ideation,Aam Aadmi Party,Work From Home,Immediately,6 Months,
Operations,Sanghvi Beauty & Technologies Private Limited (MyGlamm),Work From Home,Immediately,6 Months,"5,000"
Technical Finance,Thomas Cook,Mumbai,Immediately,6 Months,"6,000"
Campus Ambassador,Unacademy,Work From Home,Immediately,6 Months,
Media And Social Media Management,Aam Aadmi Party,Delhi,Immediately,6 Months,
Digital Media Monitoring/Content Analytics,Aam Aadmi Party,Work From Home,Immediately,6 Months,
Human Resources (HR),Alkegen India Private Limited,Pune,Immediately,6 Months,"3,000"
Digital And Cartoon Artist,Aam Aadmi Party,Work From Home,Immediately,6 Months,
Content Marketing,IIT Bombay,Work From Home,Immediately,6 Months,"1,000"
Social Media Research/Scouting,Aam Aadmi Party,Work From Home,Immediately,6 Months,
Human Resources (HR),Ambit Private Limited,Mumbai,Immediately,6 Months,"20,000"
Human Resources (HR),Ambit Private Limited,Mumbai,Immediately,6 Months,"20,000"
Business Development (Sales),MakeMyTrip,Gurgaon,Immediately,3 Months,"10,000"
Video Making/Editing,Aam Aadmi Party,Work From Home,Immediately,3 Months,
Social Work,INDIA Redefined,Work From Home,Immediately,3 Months,
YouTube Marketing,Saregama India Limited,Chennai,Immediately,3 Months,"10,000"
Marketing,Cuberoutes,Chennai,Immediately,3 Months,"12,000"
Marketing (Sunburn),BookMyShow,Mumbai,Immediately,3 Months,"7,500"
Content Developement (DIY Videos),K4 Media & Technologies,Jaipur,Immediately,3 Months,"10,000"
US Sales Process (Female),Gigde Global Solutions Private Limited,Noida,Immediately,3 Months,"15,000"
Chartered Accountancy (CA),H S SABHARWAL & Co,Dehradun,Immediately,3 Months,"5,000"
Content Writing (Education),K4 Media & Technologies,Jaipur,Immediately,3 Months,"10,000"
Computer Operations,K4 Media & Technologies,Jaipur,Immediately,3 Months,"10,000"
Marketing,MAG Finserv,Pune,Immediately,3 Months,"10,000"
Graphic Design,Trivy Technologies Private Limited,Work From Home,Immediately,3 Months,"2,500"
Project Management,HappiMynd,Work From Home,Immediately,3 Months,"15,000"
Creative Design,Soyu,Hyderabad,Immediately,3 Months,"5,000"
Subject Matter Expert (Mathematics) - Doubt Solving,LearnAsYouGo Private Limited,Work From Home,Immediately,3 Months,"6,000"
Content Writing (Art & Craft),K4 Media & Technologies,Work From Home,Immediately,3 Months,"1,000"
Content Writing (Fashion & Lifestyle),K4 Media & Technologies,Work From Home,Immediately,3 Months,"1,000"
Social Entrepreneurship,Hamari Pahchan NGO,Work From Home,Immediately,3 Months,
Web Development,Celebrare,Work From Home,Immediately,3 Months,"12,000"
Web Content Development,Hex Wireless Private Limited,Work From Home,Immediately,3 Months,"12,000"
Video Editing,K4 Media & Technologies,Jaipur,Immediately,3 Months,"10,000"
UI/UX Design,QuadB Tech,Ludhiana,Immediately,3 Months,"25,000"
Digital Marketing,TopLine Vision,Bangalore,Immediately,3 Months,"5,000"
Data Entry,K4 Media & Technologies,Jaipur,Immediately,3 Months,"10,000"
Business Development (Sales),Rentkar-Switch To Share,Mumbai,Immediately,3 Months,"14,000"
Brand Management,Born High Digital,Gurgaon,Immediately,3 Months,"10,000"
HR And Market Research,Stellar Search,Gurgaon,Immediately,3 Months,"15,000"
Civil Engineering,Pro India,Work From Home,Immediately,3 Months,"1,000"
Architecture,Digipplus,Work From Home,Immediately,3 Months,"25,000"
Business Development Management,Trivy Technologies Private Limited,Work From Home,Immediately,3 Months,"1,500"
Digital Marketing (Meme & Carousel Making),Lawtech,Work From Home,Immediately,3 Months,"8,000"
UI/UX Design,Radhika Kapoor,Work From Home,Immediately,3 Months,"5,000"
Graphic Design,AnthroFit Lifesciences Co,Work From Home,Immediately,3 Months,"6,000"
General Management,Adore Earth,Work From Home,Immediately,3 Months,"4,000"
Legal Content Curation,Lawtech,Work From Home,Immediately,3 Months,"6,000"
Talent Acquisition,TopHire,Work From Home,Immediately,3 Months,"5,000"
English Content Curation (IELTS),Lawtech,Work From Home,Immediately,3 Months,"10,000"
English Content Curation (IELTS),Lawtech,Work From Home,Immediately,3 Months,"10,000"
Field And Digital Marketing,Mehta Poly Boards,Mumbai,Immediately,3 Months,"9,000"
Content Marketing,Ciera Advisors LLP,Mumbai,Immediately,3 Months,"10,000"
Digital Marketing,Mars Elevator,Gurgaon,Immediately,3 Months,"15,000"
Field Sales,Aadiananta Enterprises PVT Ltd,Delhi,Immediately,3 Months,"10,000"
Human Resources (HR),Everstylish Lifestyle Private Limited,Gurgaon,Immediately,3 Months,"15,000"
Accounts And Audit,IRA Consulting,Mumbai,Immediately,3 Months,"7,500"
YouTube SEO,"Manjita Osta (Melbourne Airport, Australia)",Work From Home,Immediately,3 Months,"10,000"
Quality Analytics,Organikness Pvt. Ltd.,Hyderabad,Immediately,3 Months,"7,000"
Human Resources (HR),Six Ladders,Mumbai,Immediately,3 Months,"10,000"
Growth Hacking,Hotnot,Mumbai,Immediately,3 Months,"2,000"
Human Resources (HR),AICS Consultancy Service Private Limited,Noida,Immediately,3 Months,"5,000"
Purchase Management,PatilKaki,Navi Mumbai,Immediately,3 Months,"8,000"
Telecalling & Administration,Safe2Go Digisolutions Private Limited,Jaipur,Immediately,3 Months,"10,000"
Furniture/Product Design,The Wood Shaping Company,Jaipur,Immediately,3 Months,"5,000"
Inside Sales,RankItRight Media,Bangalore,Immediately,3 Months,"20,000"
Business Development (Sales),Avataryug,Mumbai,Immediately,3 Months,"10,000"
Video Making/Editing,Stax Media,Delhi,Immediately,3 Months,"10,000"
Growth (Marketing),Amigobulls,Bangalore,Immediately,3 Months,"8,000"
Corporate Sales,Blue Rose Publishers,Delhi,Immediately,3 Months,"22,000"
Travel Research And Data Entry,Yuyiii Stays And Travels Private Limited,Bangalore,Immediately,3 Months,"6,000"
Marketing,DBG TECH SOLUTIONS,Mumbai,Immediately,3 Months,"8,000"
Sales executive,Ilahi Travels Experiences Pvt. Ltd.,Delhi,Immediately,3 Months,"10,000"
Teaching (Python/Java/C++/Kotlin/Go/Javascript/Swift/Scala/Ruby),SR University,Warangal,Not specified,3 Months,"20,000"
Coordination,National Centre For The Performing Arts,Mumbai,Immediately,3 Months,"17,000"
Admission Counseling,DGguru Learning Solutions Private Limited (MentorKart),Noida,Immediately,3 Months,"15,000"
E-Commerce Marketing,A Big Indian Story,Pune,Immediately,3 Months,"10,000"
Influencer Marketing,Confluencr,Bangalore,Immediately,3 Months,"10,000"
Graphic Design,GoMechanic,Gurgaon,Immediately,3 Months,"10,000"
Video Making/Editing,GoMechanic,Gurgaon,Immediately,3 Months,"10,000"
Graphic Design,Stax Media,Delhi,Immediately,3 Months,"7,000"
Digital Marketing,CHALKSNBOARD Private Limited,Gurgaon,Immediately,3 Months,"5,000"
Customer Support,IB Cricket,Hyderabad,Immediately,3 Months,"15,000"
Digital Marketing,Shi-Liv Co-living,Bangalore,Immediately,3 Months,"5,000"
Content Development (English),Hunt Digital Media,Work From Home,Immediately,3 Months,"5,000"
Probability,Digipplus,Work From Home,Immediately,3 Months,"25,000"
Video Making/Editing,Hunt Digital Media,Work From Home,Immediately,3 Months,"5,000"
Java Development,FynTune Solution Private Limited,Navi Mumbai,Immediately,3 Months,"15,000"
Credit Analytics,Ambient Consultancy,Mumbai,Immediately,3 Months,"10,000"
Trainer (Teaching VLSI Front-end Designing Or VLSI Back-end Designing Course),SURE Trust,Work From Home,Immediately,3 Months,
Fundraising/Crowdfunding,NayePankh Foundation,Work From Home,Immediately,3 Months,
Fundraising/Crowdfunding,NayePankh Foundation,Work From Home,Immediately,3 Months,
Psychology ( Marketing),HappiMynd,Work From Home,Immediately,3 Months,"1,000"
Event Management,Tech Analogy,Work From Home,Immediately,3 Months,"1,000"
Graphic Design,Creatiwise,Work From Home,Immediately,6 Months,"15,000"
Product Management,HappiMynd,Work From Home,Immediately,6 Months,"2,000"
Graphic Design,Creatiwise,Work From Home,Immediately,6 Months,"15,000"
Social Work,NayePankh Foundation,Work From Home,Immediately,6 Months,
IPad Art,Lawtech,Work From Home,Immediately,6 Months,"8,000"
Torchbearer Impact Program,HappiMynd,Work From Home,Immediately,6 Months,"1,000"
Technical Architecture,"EmendoAI (San Francisco, United States)",Work From Home,Immediately,6 Months,"20,000"
Social Impact Leading,HappiMynd,Work From Home,Immediately,6 Months,"2,000"
Social Sector Operations,NayePankh Foundation,Work From Home,Immediately,6 Months,
Product Marketing,Wayspire Ed-Tech Private Limited,Work From Home,Immediately,6 Months,"1,000"
Sales And Marketing,"Manjita Osta (Melbourne Airport, Australia)",Work From Home,Immediately,6 Months,"10,000"
Subject Matter Expert (Physics) Live Doubts,Solvitude,Work From Home,Immediately,6 Months,"12,000"
Digital Marketing (Email Marketing),Lawtech,Work From Home,Immediately,6 Months,"7,000"
Sales (Tele-marketing),Lawtech,Work From Home,Immediately,6 Months,"10,000"
UI/UX Design,"EmendoAI (San Francisco, United States)",Work From Home,Immediately,6 Months,"10,000"
Product Management,"EmendoAI (San Francisco, United States)",Work From Home,Immediately,6 Months,"12,000"
Android App Development,"Powerhouse AI (Singapore, Singapore)",Work From Home,Not specified,6 Months,"20,000"
Ruby On Rails Development,Makerble,Work From Home,Immediately,6 Months,"15,000"
Physics Content Writing,HaZZten,Work From Home,Immediately,6 Months,"15,000"
Subject Matter Expert (Chemistry) Live Doubt,Solvitude,Work From Home,Immediately,6 Months,"4,000"
Content Writing (Chemistry),HaZZten,Work From Home,Immediately,6 Months,"15,000"
AWS DevOps Engineering,"EmendoAI (San Francisco, United States)",Work From Home,Immediately,6 Months,"10,000"
Human Resources (HR),Aelum Consulting,Jaipur,Immediately,6 Months,"10,000"
Market Research (Fashion),Artyvis Technologies Private Limited,Work From Home,Immediately,6 Months,"10,000"
Product Management,NightOwl,Work From Home,Immediately,6 Months,"15,000"
Angular.js Development,Heliverse,Work From Home,Immediately,6 Months,"18,000"
Business Development (Sales),WEB5G TECHNOLOGY PRIVATE LIMITED,Ghaziabad,Immediately,6 Months,"30,000"
Social Media Marketing,Shubham Varshney,Hapur,Immediately,6 Months,"2,000"
Marketing,Skylark Overseas Education,Visakhapatnam,Immediately,6 Months,"8,000"
Sales And Marketing,The Audio World,Jaipur,Immediately,6 Months,"5,000"
Video Making/Editing,Shubham Varshney,Hapur,Immediately,6 Months,"5,000"
Electrical Engineering,Toshniwal Industries Private Limited,Ajmer,Immediately,6 Months,"4,000"
Electrical Engineering,Toshniwal Industries Private Limited,Ajmer,Immediately,6 Months,"4,000"
Content Writing,Shubham Varshney,Meerut,Immediately,6 Months,"2,000"
Copywriting,Packin Club,Delhi,Immediately,3 Months,"10,000"
Business Development (Sales),GoMechanic,Gurgaon,Immediately,6 Months,"12,000"
Operation,Mariox Software Private Limited,Noida,Immediately,6 Months,"30,000"
Logistics And Operations,GoMechanic,Gurgaon,Immediately,6 Months,"10,000"
Marketing,GoMechanic,Gurgaon,Immediately,6 Months,"12,000"
Business Development (Sales),GoMechanic,Chandigarh,Immediately,6 Months,"10,000"
Business Development (Female),Requin Solutions Private Limited,Jaipur,Immediately,6 Months,"14,000"
Human Resources (HR),Webtonic Technologies Private Limited,Navi Mumbai,Immediately,6 Months,"5,000"
Human Resources (HR),Guruji Astro,Jaipur,Immediately,5 Months,"9,000"
Interior Design,9 Pointers Tech Private Limited,Jaipur,Immediately,5 Months,"15,000"
Graphic Design,Careers360,Gurgaon,Immediately,5 Months,"20,000"
Event Management,Blue Sparrow Science Party,Mumbai,Immediately,5 Months,"1,000"
Business Development (Sales),Zedex Info Private Limited,Mumbai,Immediately,5 Months,"10,000"
Graphic Design,Pepper Money,Mumbai,Immediately,5 Months,"10,000"
Video Editing,FlexiFunnels,Dehradun,Immediately,5 Months,"25,000"
Campus Ambassador,EHAM Technologies,Work From Home,Immediately,5 Months,
Recruitment,Shubham Varshney,Meerut,Immediately,5 Months,"2,000"
Graphic Design,Adbizit,Mumbai,Immediately,5 Months,"12,000"
Social Media Marketing,Akrati Jewels Incorporation,Jaipur,Immediately,5 Months,"10,000"
Social Media Marketing,Limeless Media,Gurgaon,Immediately,5 Months,"8,000"
Business Development (Sales),Internshala,Gurgaon,Immediately,5 Months,"18,000"
Marketing,Cynergi,Mumbai,Immediately,5 Months,"5,000"
Human Resources (HR),Relinns Technologies,Mohali,Immediately,5 Months,"8,000"
Personal Assistant,Gigde Global Solutions Private Limited,Ghaziabad,Immediately,5 Months,"12,000"
Digital Marketing,Akrati Jewels Incorporation,Jaipur,Immediately,5 Months,"10,000"
CEO Assistant,Gigde Global Solutions Private Limited,Ghaziabad,Immediately,5 Months,"12,000"
Motion Graphics,KathaVersse Media Network Private Limited,Mumbai,Immediately,5 Months,"10,000"
HR,Wayspire Ed-Tech Private Limited,Gurgaon,Immediately,5 Months,"7,000"
Civil Engineering (Hydraulic/Water Resources),Infraplan Engineering Services Private Limited,Kolhapur,Immediately,5 Months,"10,000"
Email Marketing,Zeppstr,Bangalore,Immediately,5 Months,"6,000"
Video Making/Editing,KathaVersse Media Network Private Limited,Mumbai,Immediately,5 Months,"10,000"
Social Media,Marcamor Consulting,Hyderabad,Immediately,5 Months,"5,000"
Business Development (Sales),Blue Rose Publishers,Delhi,Immediately,5 Months,"22,000"
Business Development (Sales),Blue Rose Publishers,Delhi,Immediately,5 Months,"22,000"
Content Writing,EasyEat AI,Gurgaon,Immediately,5 Months,"15,000"
Field Sales,Vitta Chrome India Private Limited,Mumbai,Immediately,5 Months,"15,000"
Social Media Marketing,Zeppstr,Bangalore,Immediately,5 Months,"6,000"
Sales,ZocoNut,Delhi,Immediately,5 Months,"8,000"
Operations,Able Jobs,Bangalore,Immediately,5 Months,"12,000"
Editorial Assistance,Blue Rose Publishers,Noida,Immediately,5 Months,"16,000"
Event Management,Seven Seas Hospitality,Delhi,Immediately,5 Months,"5,000"
Operations,Able Jobs,Bangalore,Immediately,5 Months,"12,000"
Video Making/Editing,Zeppstr,Bangalore,Immediately,5 Months,"6,000"
Marketing,Clipbait Media Private Limited,Bangalore,Immediately,5 Months,"7,500"
Business Development,Marcamor Consulting,Hyderabad,Immediately,5 Months,"5,000"
Content Writing,Zeppstr,Bangalore,Immediately,5 Months,"10,000"
Business Development,Epicminds Information Technology,Bangalore,Immediately,5 Months,"10,000"
Marketing,SkilloVilla Technologies Private Limited,Bangalore,Immediately,5 Months,"15,000"
Operations,Rentkar-Switch To Share,Bangalore,Immediately,5 Months,"12,000"
E-commerce Operations,Palk Street,Hyderabad,Immediately,5 Months,"15,000"
Influencer Marketing,Flipside Media Works,Mumbai,Immediately,5 Months,"10,000"
Business Development (Sales),Zeppstr,Bangalore,Immediately,5 Months,"12,000"
Social Media Marketing,Marcamor Consulting,Hyderabad,Immediately,5 Months,"5,000"
Marketing Specialist,UrjaBox Power Technologies Private Limited,Delhi,Immediately,5 Months,"10,000"
E-commerce Operations,A Big Indian Story,Pune,Immediately,5 Months,"10,000"
Video Making/Editing,Wherehouse.io,Gurgaon,Immediately,5 Months,"20,000"
Social Media Marketing,Stax Media,Delhi,Immediately,5 Months,"10,000"
Marketing,Rizzle,Hyderabad,Immediately,5 Months,"10,000"
Search Engine Optimization (SEO),Zeppstr,Bangalore,Immediately,5 Months,"10,000"
EXPO - Project Coordination,Audyogik Vyavsay Prashikshan Va Margdarshan Sanstha,Mumbai,Immediately,5 Months,"3,000"
Human Resources (HR),Punt Partners,Mumbai,Immediately,5 Months,"10,000"
Social Media Marketing,Ramp Asia,Delhi,Immediately,5 Months,"18,000"
Marketing Lead,Recipeat,Bangalore,Immediately,5 Months,"18,000"
Content Writing,GS1India,Delhi,Immediately,5 Months,"15,000"
Creative Design,FlytBase Labs,Pune,Immediately,5 Months,"25,000"
Accounting And Bookkeeping,Shubham Varshney,Meerut,Immediately,5 Months,"2,000"
Accounting And Bookkeeping,Shubham Varshney,Meerut,Immediately,5 Months,"2,000"
Business Development (Sales),Recipeat,Bangalore,Immediately,5 Months,"16,000"
Visual Communication,FlytBase Labs,Pune,Immediately,5 Months,"30,000"
Motion Graphics Design,FlytBase Labs,Pune,Immediately,5 Months,"30,000"
Telesales,Trully Capital Fintech Private Limited,Pune,Immediately,5 Months,"6,000"
Human Resources (HR),Marcamor Consulting,Hyderabad,Immediately,5 Months,"5,000"
Graphic Design,E2E Recycling Business Private Limited,Bangalore,Immediately,5 Months,"10,000"
Social Media Marketing,Pepmedia Services,Mumbai,Immediately,5 Months,"10,000"
Social Media Marketing,KathaVersse Media Network Private Limited,Mumbai,Immediately,5 Months,"10,000"
HR,Error Technologies,Hyderabad,Immediately,5 Months,"15,000"
Graphic Design,Confluencr,Bangalore,Immediately,5 Months,"15,000"
Content Writing,KathaVersse Media Network Private Limited,Mumbai,Immediately,5 Months,"10,000"
Human Resources (HR),MAG Finserv,Pune,Immediately,5 Months,"10,000"
Content Writing,IRA Consulting,Mumbai,Immediately,5 Months,"7,500"
UI/UX Design,Bilateral Solutions Private Limited,Mandi,Immediately,5 Months,"15,000"
Graphic Design,Organic Smokes,Delhi,Immediately,5 Months,"8,000"
Graphic Design,Zeppstr,Bangalore,Immediately,5 Months,"6,000"
E-commerce Operations,Longetivity Labs Private Limited,Chennai,Immediately,5 Months,"18,000"
Embedded & IoT Development,9 Pointers Tech Private Limited,Jaipur,Immediately,5 Months,"6,000"
Customer Delight,Energy Alternatives India,Chennai,Immediately,5 Months,"20,000"
Climate Storytelling,Energy Alternatives India,Chennai,Immediately,5 Months,"20,000"
Solid Works 3D Printing,Bilateral Solutions Private Limited,Mandi,Immediately,5 Months,"10,000"
Auditing And Accounting,Zeppstr,Bangalore,Immediately,5 Months,"10,000"
HR Recruitment,SkilloVilla Technologies Private Limited,Bangalore,Immediately,5 Months,"20,000"
Finance,Punt Partners,Delhi,Immediately,6 Months,"15,000"
QA Engineering,Ayurveda House Private Limited,Delhi,Immediately,6 Months,"10,000"
Subject Matter Expert - Cyber Security,Requin Solutions Private Limited,Jaipur,Immediately,6 Months,"12,000"
Cyber Security,Internshala,Gurgaon,Immediately,6 Months,"18,000"
Data Entry Executive,Newtral.io,Bangalore,Immediately,6 Months,"10,000"
Customer Success,Radical Health-Tech Private Limited,Mumbai,Immediately,6 Months,"15,000"
Financial Analysis,Zean Lithos And Company Private Limited,Work From Home,Immediately,6 Months,"9,000"
Virtual Volunteering,NayePankh Foundation,Work From Home,Immediately,6 Months,
Video Making/Editing,Peppermint Communications Private Limited,Ulhasnagar,Immediately,6 Months,"15,000"
Subject Matter Expert (SME),House Of Couton Private Limited,Work From Home,Immediately,6 Months,"30,000"
Computer Teaching,Sarvam Foundation,Gurgaon,Immediately,6 Months,"5,000"
Robotics Embedded Engineering,Bilateral Solutions Private Limited,Mandi,Immediately,6 Months,"10,000"
AI Technology,Clipbait Media Private Limited,Bangalore,Immediately,6 Months,"10,000"
Equity & Derivatives Trading,SDSR Consultancy Services Private Limited,Kolkata,Immediately,6 Months,"15,000"
IT Infra/Devops,Labchild Solutions,Hyderabad,Immediately,6 Months,"2,000"
Crowdfunding,InAmigos Foundation,Work From Home,Immediately,6 Months,
Human Resources (HR),Shubham Varshney,Meerut,Immediately,6 Months,"2,000"
Business Development(field sales),SaFa Technologies,Bokaro,Immediately,6 Months,"4,000"
Business Development (Sales),Edugenskill,Work From Home,Immediately,6 Months,"1,000"
Sales Consultant,Edugenskill,Work From Home,Immediately,6 Months,"1,100"
Business Development (Sales),Edugenskill,Work From Home,Immediately,6 Months,"1,000"
Sales And Marketing,Edugenskill,Work From Home,Immediately,6 Months,"1,000"
Sales,Edugenskill,Work From Home,Immediately,6 Months,"1,000"
Sales,Edugenskill,Work From Home,Immediately,6 Months,"1,000"
Business Development (Sales),Edugenskill,Work From Home,Immediately,6 Months,"1,000"
Business Development (Sales),Edugenskill,Work From Home,Immediately,6 Months,"1,000"
Business Development,Biztegy Analytics,Work From Home,Immediately,6 Months,"5,000"
Sales,Edugenskill,Work From Home,Immediately,6 Months,"1,000"
Sales,Edugenskill,Work From Home,Immediately,6 Months,"1,000"
Sales,Edugenskill,Work From Home,Immediately,6 Months,"1,000"
Fundraising Operations,NayePankh Foundation,Work From Home,Immediately,6 Months,
Business Development (Sales),Areno Innovations Private Limited,Work From Home,Immediately,6 Months,"1,000"
Business Development (Sales),Edugenskill,Work From Home,Immediately,6 Months,"1,000"
Social Media Research,FlexiFunnels,Dehradun,Immediately,6 Months,"10,000"
Social Media Management,Iksha Labs Private Limited,Gurgaon,Immediately,6 Months,"20,000"
YouTube Creation,Guruji Astro,Jaipur,Immediately,6 Months,"7,500"
Search Engine Optimization (SEO),Fabulous Media Private Limited,Gurgaon,Immediately,6 Months,"5,000"
Content Writing (Academic),Requin Solutions Private Limited,Jaipur,Immediately,6 Months,"12,000"
Sales,Investment Ideas,Mumbai,Immediately,6 Months,"5,000"
Campus Ambassador,SLPP Consultants Private Limited,Work From Home,Immediately,6 Months,
Voice Over Artist - Marati/Gujarathi/Assame With Editing Skills,Nettv4u,Work From Home,Immediately,6 Months,"5,000"
Market Research,9Heaven,Delhi,Immediately,3 Months,"3,000"
Business Development (Sales),Edugenskill,Work From Home,Immediately,3 Months,"1,000"
Empowering Social Entrepreneurs,NayePankh Foundation,Work From Home,Immediately,3 Months,
PR & Marketing,Niyogi Books,Delhi,Immediately,3 Months,"10,000"
Guest Relations Management,Ukiyo Stays,Mumbai,Immediately,3 Months,"8,000"
Business Development (Sales),Ukiyo Stays,Mumbai,Immediately,3 Months,
Customer Service Executive,Nytarra Naturals,Delhi,Immediately,3 Months,"7,000"
Content Management,Rizzle,Hyderabad,Immediately,3 Months,"15,000"
Script Writing (Non-Fiction),Purani Dili Talkies LLP,Delhi,Immediately,3 Months,"10,000"
Copywriting And Reel Creation,Internshala,Gurgaon,Immediately,3 Months,"18,000"
Operations,Solution Graph,Work From Home,Immediately,3 Months,"2,000"
E-commerce Executive,Ayurveda House Private Limited,Delhi,Immediately,3 Months,"6,000"
Operations,SuperTails,Bangalore,Immediately,3 Months,"20,000"
Marketing,Aero Armour,Kolkata,Immediately,3 Months,"10,000"
Inside Sales,Filosha Infotech Private Limited,Bangalore,Immediately,3 Months,"10,000"
Social Media Marketing,Jalan Distributors & Company,Kolkata,Immediately,3 Months,"7,000"
Business Development,Pro India,Work From Home,Immediately,3 Months,"1,000"
Search Engine Optimization (SEO),RankItRight Media,Bangalore,Immediately,3 Months,"15,000"
Social Media Marketing,9Heaven,Delhi,Immediately,3 Months,"5,000"
Strategy And Development,OpeninApp,Bangalore,Immediately,3 Months,"25,000"
Telecalling,Virgo Communications & Exhibitions Private Limited,Bangalore,Immediately,3 Months,"15,000"
Category Management,SuperTails,Bangalore,Immediately,3 Months,"20,000"
Human Resources (HR),Aaptatt,Gurgaon,Immediately,3 Months,"5,000"
Customer Support,ChangeJar Technologies Private Limited,Bangalore,Immediately,3 Months,"12,000"
Digital Marketing,RechargeZap,Delhi,Immediately,3 Months,"7,000"
Graphic Design,DeadAnt Media Private Limited,Mumbai,Immediately,3 Months,"10,000"
Marketing,SkilloVilla Technologies Private Limited,Bangalore,Immediately,3 Months,"25,000"
Management (Work From Office),Gloval International,Mumbai,Immediately,3 Months,"12,000"
Social Work,InAmigos Foundation,Work From Home,Immediately,3 Months,
Social Media Community Building,Hyperreality Technologies,Bangalore,Immediately,3 Months,"20,000"
Search Engine Optimization (SEO),OpeninApp,Bangalore,Immediately,3 Months,"25,000"
Sales CRM,3 Productions Wedding Planning & D??cor LLP,Bangalore,Immediately,3 Months,"15,000"
Content Writing,RankItRight Media,Bangalore,Immediately,3 Months,"25,000"
Content Writing,RankItRight Media,Bangalore,Immediately,3 Months,"25,000"
Digital Marketing,Evenly Clinic,Bangalore,Immediately,3 Months,"8,000"
Fundraising,Muskurahat Foundation,Work From Home,Immediately,3 Months,"5,000"
Youtube Management,SVF Entertainment Private Limited,Kolkata,Immediately,3 Months,"10,000"
Digital Marketing,Able Jobs,Bangalore,Immediately,3 Months,"12,000"
Crowdfunding,Muskurahat Foundation,Work From Home,Immediately,3 Months,
Social (Fundraising),Muskurahat Foundation,Work From Home,Immediately,3 Months,"10,000"
Operations,GEMA Education Technology Private Limited,Work From Home,Immediately,3 Months,"1,000"
Business Development (Sales),{igebra.ai}math++,Hyderabad,Immediately,6 Months,"10,000"
Celebrity Onboarding,Tring,Mumbai,Immediately,6 Months,"10,000"
Mental Health Helpline Crisis Counseling,Vandrevala Foundation,Work From Home,Immediately,6 Months,
Volunteering,Muskurahat Foundation,Work From Home,Immediately,6 Months,"10,000"
Social Media Sales,Remole Products Private Limited,Hyderabad,Immediately,6 Months,"18,000"
Interior Design,Atelier Astil,Bangalore,Immediately,6 Months,"10,000"
Recruitment,Simplify Solutions,Guntur,Immediately,6 Months,"5,000"
E-commerce Executive,Axe Consultancy And Security Services LLC,Work From Home,Immediately,6 Months,"5,000"
Marketing And Sales,Gloval International,Mumbai,Immediately,6 Months,"15,000"
Video Editing & Voiceover,Warewe Consultancy Private Limited,Work From Home,Immediately,6 Months,"5,000"
Project Management/Operations Management,3 Productions Wedding Planning & D??cor LLP,Bangalore,Immediately,6 Months,"15,000"
WordPress Development,Zeppstr,Bangalore,Immediately,6 Months,"10,000"
Business Development (Sales),Brihat Infotech Private Limited,Work From Home,Immediately,6 Months,"2,000"
Social Entrepreneurship,Pawzz,Work From Home,Immediately,6 Months,"10,000"
Lead Generation,Hex Wireless Private Limited,Work From Home,Immediately,6 Months,"10,000"
Virtual Charity Drive,Pawzz,Work From Home,Immediately,6 Months,"10,000"
Nest Js And Backend Development,Trivy Technologies Private Limited,Noida,Immediately,6 Months,"5,000"
Operations,Pawzz,Gurgaon,Immediately,6 Months,"12,000"
Teaching,Scope For Change,Delhi,Immediately,6 Months,"5,000"
Business Development (Sales),OyeLabs,Work From Home,Immediately,6 Months,"20,000"
Human Resources (HR),Ayurveda House Private Limited,Delhi,Immediately,6 Months,"12,000"
Subject Matter Expert (Operations Management),Innovalance Learning Systems,Work From Home,Immediately,6 Months,"17,000"
Crowdfunding,Pawzz,Work From Home,Immediately,6 Months,"10,000"
Online Marketing,Epicminds Information Technology,Work From Home,Immediately,6 Months,"1,000"
Strategy,Ozibook Tech Solutions Private Limited,Work From Home,Immediately,6 Months,"1,000"
Talent Acquisition,Filosha Infotech Private Limited,Bangalore,Immediately,6 Months,"12,000"
Legal,Gloval International,Mumbai,Immediately,6 Months,"10,000"
Law/Legal,Robocapital,Mumbai,Immediately,6 Months,"7,000"
US IT Recruitment,Epicminds Information Technology,Bangalore,Immediately,6 Months,"10,000"
Marketing & Growth,Vurse,Work From Home,Immediately,6 Months,"4,000"
History (Subject Matter Expert),HaZZten,Work From Home,Immediately,6 Months,"20,000"
HR (Talent Acquisition),Addnode India Private Limited,Pune,Immediately,6 Months,"10,000"
Graphic Design,Seven Seas Hospitality,Delhi,Immediately,6 Months,"10,000"
Human Resources (HR),Careers360,Delhi,Immediately,6 Months,"5,000"
iOS App Development,Xeta Analytics Private Limited,Work From Home,Immediately,6 Months,"8,000"
Social Cause,Pawzz,Work From Home,Immediately,6 Months,"1,500"
Fundraising Volunteering,Odisha Development Management Programme (ODMP),Work From Home,Immediately,6 Months,"5,000"
Videography & Photography,Esquare Lifestyle,Bangalore,Immediately,6 Months,"12,000"
Meme Creation,Koncept Klear Edtech Private Limited,Work From Home,Immediately,6 Months,"5,000"
Sales,Edugenskill,Work From Home,Immediately,6 Months,"1,000"
Lead Generation,Qriocity Ventures Private Limited,Work From Home,Immediately,6 Months,"15,000"
Lead Generation,Qriocity Ventures Private Limited,Work From Home,Immediately,6 Months,"15,000"
Sales,Anmol Kohli,Work From Home,Immediately,6 Months,"5,000"
Business Development (Sales),Yog Love,Work From Home,Immediately,6 Months,"6,000"
Infographics - Assame/Gujarathi/Punjabi,Nettv4u,Work From Home,Immediately,6 Months,
Stock Market Research,Goaler Web Solutions,Work From Home,Immediately,6 Months,"2,000"
Investor Management - Trainee,Tyke Technology Private Limited,Mumbai,Immediately,6 Months,"6,000"
Sales,Relinns Technologies,Mohali,Immediately,6 Months,"8,000"
Payroll,BookMyShow,Mumbai,Immediately,6 Months,"7,500"
Market Survey Vishakapatnam To Vijayawada,Petfolk,Rajampet,Immediately,6 Months,"10,000"
Search Engine Optimization (SEO),FavTutor,Work From Home,Immediately,6 Months,"3,000"
Party Styling And Content Creation,Bunny Bash Events & Rentals,Panjim,Immediately,6 Months,"5,000"
Front End Development,Trivy Technologies Private Limited,Noida,Immediately,6 Months,"2,000"
Business Development (Sales),Edugenskill,Work From Home,Immediately,6 Months,"1,000"
Teaching (Scratch Coding),GEMA Education Technology Private Limited,Work From Home,Immediately,6 Months,"2,000"
Operations,One Root,Thalavadi,Immediately,6 Months,"15,000"
Customer Success,Relinns Technologies,Mohali,Immediately,6 Months,"10,000"
Grant/Investment Pitch Deck Making (VCs & Angels),DataSkience OPC Private Limited,Work From Home,Immediately,6 Months,"5,000"
Digital Marketing (SMM),Skylark Overseas Education,Work From Home,Immediately,6 Months,"5,000"
Business Development,Relinns Technologies,Mohali,Immediately,6 Months,"8,000"
Content Writing,Bilateral Solutions Private Limited,Mandi,Immediately,6 Months,"15,000"
FundFair Operations,Pawzz,Work From Home,Immediately,6 Months,"10,000"
Social Media Marketing,Epicminds Information Technology,Work From Home,Immediately,6 Months,"1,000"
Social Work,Pawzz,Work From Home,Immediately,6 Months,"1,500"
Event Management,Peppermint Communications Private Limited,Ulhasnagar,Immediately,6 Months,"12,000"
Link Building,Addictive Media,Work From Home,Immediately,6 Months,"7,000"
Content Presenting - Business,DataSkience OPC Private Limited,Work From Home,Immediately,6 Months,"5,000"
Business Development,Pawzz,Work From Home,Immediately,6 Months,"1,500"
Teaching Arabic,GEMA Education Technology Private Limited,Work From Home,Immediately,6 Months,"2,000"
Creative Operations,Ozibook Tech Solutions Private Limited,Work From Home,Immediately,6 Months,"1,000"
Social Media Marketing,TechWhoop,Work From Home,Immediately,6 Months,"3,001"
Video Editing,Ozibook Tech Solutions Private Limited,Work From Home,Immediately,6 Months,"1,000"
Market Research,Agile Parking Solutions Private Limited,Jabalpur,Immediately,6 Months,"18,000"
Digital Marketing,Relinns Technologies,Mohali,Immediately,6 Months,"8,000"
Volunteering,Pawzz,Work From Home,Immediately,6 Months,"10,000"
UPSC Creative Content Curation,Lawtech,Work From Home,Immediately,6 Months,"6,000"
Coding - Teaching,GEMA Education Technology Private Limited,Work From Home,Immediately,6 Months,"2,000"
Fashion Merchandising,Peppermint Communications Private Limited,Ulhasnagar,Immediately,6 Months,"12,000"
Fashion Merchandising,Peppermint Communications Private Limited,Ulhasnagar,Immediately,6 Months,"12,000"
LinkedIn Marketing And Sales,Edugenskill,Work From Home,Immediately,6 Months,"1,000"
Search Engine Optimization (SEO),Brihat Infotech Private Limited,Work From Home,Immediately,6 Months,"3,000"
Content Development (English),Vandana Jain,Bangalore,Immediately,6 Months,
Content Writing,Ayurveda House Private Limited,Delhi,Immediately,3 Months,"10,000"
Business Development (Sales),DevTown,Bangalore,Immediately,3 Months,"10,000"
Digital Marketing,LetsDressUp,Gurgaon,Immediately,3 Months,"18,000"
Digital Marketing,OyeLabs,Work From Home,Immediately,3 Months,"10,000"
Field Sales,HUElite,Delhi,Immediately,3 Months,"14,000"
Content Writing,Red Cube Digital Media Private Limited,Delhi,Immediately,3 Months,"7,000"
Graphic Design,"Kyupid (London, United Kingdom)",Work From Home,Immediately,3 Months,"7,500"
Business Development (Sales),Organic Smokes,Delhi,Immediately,3 Months,"10,000"
Architecture,3 Productions Wedding Planning & D??cor LLP,Bangalore,Immediately,3 Months,"15,000"
Copywriting,Ayurveda House Private Limited,Delhi,Immediately,3 Months,"15,000"
Fashion Communications,Peppermint Communications Private Limited,Bhiwandi,Immediately,3 Months,"12,000"
Market Research,Darukaa ESG,Mumbai,Immediately,3 Months,"15,000"
Subject Matter Expert (SME) Chemistry,Solvitude,Work From Home,Immediately,3 Months,"30,000"
Digital Marketing,3 Productions Wedding Planning & D??cor LLP,Bangalore,Immediately,3 Months,"15,000"
Social Media Marketing,Ayurveda House Private Limited,Delhi,Immediately,3 Months,"8,000"
Social Media Marketing,Red Cube Digital Media Private Limited,Delhi,Immediately,3 Months,"5,000"
Influencer Marketing,Confluencr,Work From Home,Immediately,3 Months,"10,000"
Visual Design,Internshala,Gurgaon,Immediately,3 Months,"18,000"
Performance Marketing,Ayurveda House Private Limited,Delhi,Immediately,3 Months,"12,000"
Graphic Design,LetsDressUp,Gurgaon,Immediately,3 Months,"15,000"
Client Success,ODN Digital Services Private Limited,Delhi,Immediately,3 Months,"10,000"
Hindi Content Writing,Trade Brains,Bangalore,Immediately,3 Months,"12,000"
Fashion Technology/Merchandising (NIFT),Everstylish Lifestyle Private Limited,Gurgaon,Immediately,3 Months,"15,000"
Fashion Merchandising (NIFT),Everstylish Lifestyle Private Limited,Gurgaon,Immediately,3 Months,"15,000"
Fashion Design (NIFT),Everstylish Lifestyle Private Limited,Gurgaon,Immediately,3 Months,"15,000"
Social Media Creative Writing,Ayurveda House Private Limited,Delhi,Immediately,3 Months,"10,000"
Instagram Ad Copywriting,Ayurveda House Private Limited,Delhi,Immediately,3 Months,
On-Ground Operations,Ballzo India,Ghaziabad Sub-District,Immediately,3 Months,"10,000"
Business Development (Sales - Ortho/Medical),Joints Health Private Limited,Delhi,Immediately,3 Months,"6,000"
MIS,Accredian,Gurgaon,Immediately,3 Months,"15,000"
Digital Marketing & Prompt Development,CC Yard Private Limited,Bangalore,Immediately,3 Months,"10,000"
Taxation,PreTaxO,Hyderabad,Immediately,3 Months,"8,000"
Fashion Communication (NIFT),Everstylish Lifestyle Private Limited,Gurgaon,Immediately,3 Months,"15,000"
Human Resources (HR),CloudBird Digital Private Limited,Noida,Immediately,3 Months,"7,000"
Graphic Design,Ayurveda House Private Limited,Delhi,Immediately,3 Months,"12,000"
Social Media Marketing,DGguru Learning Solutions Private Limited (MentorKart),Bareilly,Immediately,3 Months,"10,000"
Market Research,Agile Parking Solutions Private Limited,Pune,Immediately,3 Months,"18,000"
Market Research,Agile Parking Solutions Private Limited,Bangalore,Immediately,3 Months,"18,000"
Operational Support (Generalist),Sarvam Foundation,Work From Home,Immediately,3 Months,"1,000"
Marketing,Simplify Solutions,Hyderabad,Immediately,3 Months,"8,000"
Social Research,Makerble,Work From Home,Immediately,6 Months,"15,000"
Supply Chain And Logistics Operations,Ziegler Aerospace,Hyderabad,Immediately,6 Months,"8,000"
Instagram Reels Creation,Persist Ventures,Bangalore,Immediately,6 Months,"12,500"
Human Resources (HR),FynTune Solution Private Limited,Thane,Immediately,6 Months,"12,000"
Human Resources (HR),FynTune Solution Private Limited,Thane,Immediately,6 Months,"12,000"
Marketing Operations,Tocco,Mumbai,Immediately,6 Months,"9,000"
Telecounseling,Simplify Solutions,Kolkata,Immediately,6 Months,"15,000"
Business Development,Worklooper Private Limited,Delhi,Immediately,6 Months,"7,000"
Subject Matter Expert (Physics),Paradise Edu Services,Work From Home,Immediately,6 Months,"12,000"
Coordination,TerraBlue XT,Hyderabad,Immediately,6 Months,"10,000"
Business Development (Sales),DIGIGIRI ENTERPRISES,Sonipat,Immediately,6 Months,"3,000"
Business Development (Sales),Branch Karma,Mira Bhayandar,Immediately,6 Months,"5,000"
Educational Consulting,Score Academy,Dehradun,Immediately,6 Months,"5,000"
Fashion Cordination,Peppermint Communications Private Limited,Pune,Immediately,6 Months,"12,000"
Field Sales,Valluri Naga Venkata Sai Avinash Chowdary,Vijayawada,Immediately,6 Months,"3,500"
Corporate Sales,Dextero Business Solution Private Limited,Thane,Immediately,6 Months,"8,000"
Business Development (Sales),Sportyzo Private Limited,Gurgaon,Immediately,6 Months,"8,000"
Bussiness Development,Wayspire Ed-Tech Private Limited,Gurgaon,Immediately,6 Months,"18,000"
Registration Calling,FlexiFunnels,Dehradun,Immediately,6 Months,"10,000"
Reminder Calling,FlexiFunnels,Dehradun,Immediately,6 Months,"10,000"
Business Development (Sales),BR Mart Connect Projects Private Limited,Miyapur,Immediately,6 Months,"20,000"
Admission Counseling,VSVK Pro Education Private Limited,Mira Bhayandar,Immediately,6 Months,"2,000"
Subject Matter Expert (Pure Statistics),Paradise Edu Services,Work From Home,Immediately,6 Months,"12,000"
Event Details Communication,FlexiFunnels,Dehradun,Immediately,6 Months,"10,000"
Data Reporting,Accredian,Gurgaon,Immediately,6 Months,"15,000"
Business Development (Sales),Caresoft Systems Private Limited,Mira Bhayandar,Immediately,6 Months,"9,000"
Video Content Creation,Commando Kennels,Hyderabad,Immediately,6 Months,"15,000"
Brand Management,Letsbiz,Ahmedabad,Immediately,6 Months,"3,000"
Digital Marketing,QuadB Tech,Ludhiana,Immediately,6 Months,"15,000"
Business Development (Sales),CODING JUNIORS TECH PRIVATE LIMITED,Ahmedabad,Immediately,6 Months,"10,000"
Business Development (Sales) & Telecalling,Zigsaw Consultancy,Noida,Immediately,6 Months,"12,000"
Business Development (Sales),CyberFrat,Mumbai,Immediately,6 Months,"20,000"
Telecalling,Unimonks,Delhi,Immediately,6 Months,"16,000"
Social Media Marketing,Desi Mavericks,Bangalore,Immediately,6 Months,"10,000"
Business Development (Sales),Erikka India,Noida,Immediately,6 Months,"15,000"
General Management,Aaptatt,Gurgaon,Immediately,6 Months,"3,000"
Content Writing,Bytesview Analytics Private Limited,Noida,Immediately,6 Months,"10,000"
Field Sales,Ask Fin Guru,Dombivli,Immediately,6 Months,"7,000"
Patron Engagement Executive,Peppermint Communications Private Limited,Bhiwandi,Immediately,6 Months,"12,000"
Video Editing,Chizrinz Infoway Private Limited,Oachira,Immediately,6 Months,"15,000"
Video Editing,QuadB Tech,Ludhiana,Immediately,6 Months,"5,000"
Digital Marketing,Branch Karma,Mira Bhayandar,Immediately,6 Months,"7,000"
Digital Marketing,Talenico HR Services Private Limited,Noida,Immediately,6 Months,"15,000"
Digital Marketing,Warewe Consultancy Private Limited,Gurgaon,Immediately,6 Months,"12,000"
Digital Marketing,IG Drones,Bhubaneswar,Immediately,6 Months,"10,000"
Content Creation,Money Making Trading Courses,Thane,Immediately,6 Months,"8,000"
Digital Marketing,Caresoft Systems Private Limited,Mira Bhayandar,Immediately,6 Months,"9,000"
Digital Marketing,GRE IMMIGRATIONS,Dehradun,Immediately,6 Months,"10,000"
Business Development (Sales),Keep Moviing Logistics Private Limited,Bhubaneswar,Immediately,6 Months,"4,000"
Delegate Engagement Specialist,Peppermint Communications Private Limited,Bhiwandi,Immediately,6 Months,"12,000"
Revenue Distribution,Bnbme Holiday Homes (International Holiday Homes),Dehradun,Immediately,6 Months,"10,000"
Marketing,Sparshanand,Indore,Immediately,6 Months,"8,000"
Digital Marketing,KEY 4 YOU,Gurgaon,Immediately,6 Months,"10,000"
Telecalling,Subtle Startups,Navi Mumbai,Immediately,6 Months,"2,000"
Marketing,Digiaccel Learning,Gurgaon,Immediately,6 Months,"20,000"
Social Media Marketing,Shemrock & Shemford Group Of Schools,Gurgaon,Immediately,6 Months,"5,000"
Social Media Marketing,Enteraction Web Solutions LLP,Faridabad,Immediately,6 Months,"15,000"
Administration,Nikunj Gupta & Associates,Faridabad,Immediately,6 Months,"4,000"
Social Media Marketing,Edamame,Gurgaon,Immediately,6 Months,"15,000"
Formulation And Marketing Of Health Supplement,JS Water Energy Life Company,Gurgaon,Immediately,6 Months,"15,000"
Business Development (Sales),Expand My Business,Gurgaon,Immediately,6 Months,"15,000"
Business Development,Time:Code,Gurgaon,Immediately,6 Months,"12,000"
Search Engine Optimization (SEO),Fabulous Media Private Limited,Gurgaon,Immediately,6 Months,"15,000"
Business Development (Sales),SRVA Education Private Limited,Gurgaon,Immediately,6 Months,"10,000"
Sales & Alliances,Hello Jarvis,Gurgaon,Immediately,6 Months,"10,000"
Business Development,TheCoinRepublic,Indore,Immediately,6 Months,"15,000"
Content Writing,Expand My Business,Gurgaon,Immediately,6 Months,"15,000"
Content Writing,Expand My Business,Gurgaon,Immediately,6 Months,"15,000"
Social Media Marketing,OTFCoder,Ahmedabad,Immediately,6 Months,"8,000"
Marketing,Money Making Trading Courses,Dombivli,Immediately,6 Months,"7,000"
Social Media Marketing,Fabulous Media Private Limited,Gurgaon,Immediately,6 Months,"15,000"
Customer Service,Astro Arun Pandit,Noida,Immediately,6 Months,"15,000"
Search Engine Optimization (SEO),Nextfly Technologies Private Limited,Gurgaon,Immediately,6 Months,"7,000"
Sales,Power Stones,Delhi,Immediately,6 Months,"7,000"
Product Marketing,STEMpedia,Ahmedabad,Immediately,6 Months,"7,000"
Content Writing,STEMpedia,Ahmedabad,Immediately,6 Months,"14,000"
Marketing,Bosscoder Academy,Noida,Immediately,6 Months,"20,000"
Digital Marketing,Fabulous Media Private Limited,Gurgaon,Immediately,6 Months,"5,000"
Marketing,Amusant Events,Pondicherry,Immediately,6 Months,"3,500"
Sales And Marketing,Bugsmirror Research Private Limited,Indore,Immediately,6 Months,"15,000"
Telecalling,CODING JUNIORS TECH PRIVATE LIMITED,Ahmedabad,Immediately,6 Months,"2,000"
Search Engine Optimization (SEO),Internshala,Gurgaon,Immediately,6 Months,"18,000"
Digital Marketing,Money Making Trading Courses,Dombivli,Immediately,3 Months,"8,000"
Content Creation & Strategy,ThinkWhy,Ahmedabad,Immediately,3 Months,"15,000"
Market Automation (Digital Marketing),Stirring Minds,Delhi,Immediately,3 Months,"7,000"
Operations,Stirring Minds,Delhi,Immediately,3 Months,"12,000"
Student Success,Internshala Trainings,Gurgaon,Immediately,3 Months,"18,000"
International Business Development,Gigde Global Solutions Private Limited,Delhi,Immediately,3 Months,"20,000"
Videography,Stirring Minds,Delhi,Immediately,3 Months,"10,000"
Content Writing,AppVersal,Delhi,Immediately,3 Months,"9,000"
Subject Matter Expert (General Knowledge For Government Exams),Careers360,Work From Home,Immediately,3 Months,"15,000"
Business Development (Sales),AppVersal,Delhi,Immediately,3 Months,"12,000"
Digital Media,Stirring Minds,Delhi,Immediately,3 Months,"15,000"
Business Development (Sales),ODN Digital Services Private Limited,Delhi,Immediately,3 Months,"10,000"
Inside Sales,Stirring Minds,Delhi,Immediately,3 Months,"13,000"
Logistics And Operations,B-Gifts,Faridabad,Immediately,3 Months,"5,001"
Photography,Power Stones,Delhi,Immediately,3 Months,"10,000"
Digital Marketing,Gloval International,Mumbai,Immediately,3 Months,"8,000"
Social Media Marketing,Varun Singla,Chandigarh,Immediately,3 Months,
YouTube Shorts Making,Stirring Minds,Delhi,Immediately,3 Months,"6,000"
Study Abroad Operations,Ace My Prep,Delhi,Immediately,3 Months,"15,000"
Telecalling,Enteraction Web Solutions LLP,Faridabad,Immediately,3 Months,"15,000"
Sales Support,Stirring Minds,Delhi,Immediately,3 Months,"10,000"
Content Creation,Stirring Minds,Delhi,Immediately,3 Months,"6,000"
Social Media Marketing,WiJungle - by HttpCart,Gurgaon,Immediately,3 Months,"25,000"
Videography,Sarvam Foundation,Gurgaon,Immediately,3 Months,"2,000"
Social Media Marketing,STEMpedia,Ahmedabad,Immediately,3 Months,
Digital Marketing,Alchemy Vastu Consulting,Ghaziabad,Immediately,3 Months,"10,000"
Videography & Film-making (Video-Editing),Sarvam Foundation,Gurgaon,Immediately,3 Months,"10,000"
Social Media Marketing,Tasuvure,Delhi,Immediately,3 Months,"15,000"
Social Media Operations,Imperial Society Of Innovative Engineers (ISIE),Noida,Immediately,3 Months,"10,000"
Social Media Operations,Imperial Society Of Innovative Engineers (ISIE),Noida,Immediately,3 Months,"10,000"
Public Relations,Traya Health,Mumbai,Immediately,3 Months,"15,000"
Video Editing & Voiceover,Warewe Consultancy Private Limited,Gurgaon,Immediately,3 Months,"10,000"
Marketing And Operations (E-commerce),Joints Health Private Limited,Delhi,Immediately,3 Months,"6,000"
Content Writing,MARS Cosmetics,Delhi,Immediately,3 Months,"18,000"
Video Making/Editing,STEMpedia,Ahmedabad,Immediately,3 Months,"14,000"
Ad Strategy,MARS Cosmetics,Delhi,Immediately,3 Months,"18,000"
Business Development,Vistaar Digital Communications Private Limited,Mumbai,Immediately,3 Months,"8,000"
Academic Content Expert - Chemistry (English),QA Solvers,Varanasi,Immediately,3 Months,"22,000"
Human Resources (Operations),First Door Health,Ghaziabad,Immediately,3 Months,"5,000"
Market Research,Agile Parking Solutions Private Limited,Cuttack,Immediately,3 Months,"18,000"
Project Assistance (Management),Bilateral Solutions Private Limited,Mandi,Immediately,3 Months,"18,000"
Sales,The Spoken Mantle,Mumbai,Immediately,3 Months,"8,000"
Sales,Tasuvure,Mumbai,Immediately,3 Months,"15,000"
Human Resources (HR),9Heaven,Delhi,Immediately,3 Months,"3,000"
Video Making/Editing And Graphic Designing,Worktual Desk,Noida,Immediately,3 Months,"12,000"
Social Media Marketing,Tasuvure,Delhi,Immediately,3 Months,"10,000"
Supply Chain Management (SCM),Negbuy,Noida,Immediately,3 Months,"5,000"
Trainee - Brand Solutions (TribeVibe),BookMyShow,Mumbai,Immediately,3 Months,"7,500"
Graphic Design,Cimplifie Tech Solutions LLP,Noida,Immediately,3 Months,"8,000"
Academic Content Expert - Chemistry (English),QA Solvers,Noida,Immediately,3 Months,"22,000"
Photography And Videography,Plenaro Events And Entertainment Private Limited,Delhi,Immediately,3 Months,"20,000"
BPO,Stirring Minds,Delhi,Immediately,3 Months,"12,000"
Marketing Management,Adrika Marketing,Danapur,Immediately,3 Months,"6,000"
Business Development (Sales),Imperial Society Of Innovative Engineers (ISIE),Noida,Immediately,3 Months,"10,000"
Customer Service,Tasuvure,Delhi,Immediately,3 Months,"25,000"
Administration,Stirring Minds,Delhi,Immediately,3 Months,"10,000"
Content Creation,Growify Digital,Delhi,Immediately,3 Months,"10,000"
Digital Marketing,Red Art Works (Raw Workspace Solutions Private Limited),Jaipur,Immediately,3 Months,"10,000"
E-Commerce Marketing,Joints Health Private Limited,Delhi,Immediately,3 Months,"6,000"
Market Research,Bilateral Solutions Private Limited,Manali,Immediately,3 Months,"10,000"
Videography,Organic Smokes,Delhi,Immediately,3 Months,"10,000"
Human Resources (HR),Curaa.in,Nagpur,Immediately,3 Months,"5,000"
Social Media Marketing,Dynamic Monks,Delhi,Immediately,3 Months,"7,500"
Content Writing,Ramp Asia,Delhi,Immediately,3 Months,"18,000"
Video Editing,IIDE Education Private Limited,Mumbai,Immediately,3 Months,"10,000"
Academic Content Expert - Statistics (English),QA Solvers,Noida,Immediately,3 Months,"22,000"
Field Sales,Sports For All,Gurgaon,Immediately,3 Months,"15,000"
Visualizing/Design,Peppermint Communications Private Limited,Bhiwandi,Immediately,3 Months,"12,000"
Business Development (Sales),Growify Digital,Delhi,Immediately,3 Months,"12,000"
Business Development (Sales),Flutch Technology Private Limited,Bangalore,Immediately,3 Months,"5,000"
Business Development,Tring,Mumbai,Immediately,3 Months,"11,000"
Business Development (Sales),Six Ladders,Mumbai,Immediately,3 Months,"11,000"
Makeup Academy Coordination And Communication,MARS Cosmetics,Delhi,Immediately,3 Months,"15,000"
Recruitment,Webkorps Services India Pvt. LTD,Indore,Immediately,3 Months,"2,000"
Digital Marketing,MAGNUM Constructions,Bangalore,Immediately,3 Months,"10,000"
Social Media Marketing (Facebook),Stirring Minds,Delhi,Immediately,3 Months,"10,000"
Graphic Design,STEMpedia,Ahmedabad,Immediately,3 Months,"14,000"
Graphic Design,Analytics Vidhya,Gurgaon,Immediately,3 Months,"20,000"
Event Management,Stirring Minds,Delhi,Immediately,3 Months,"10,000"
Growth Associate (Corporate Sales),SuperHuman Race Private Limited,Mumbai,Immediately,3 Months,"9,000"
Field Sales,Candorr International,Mumbai,Immediately,3 Months,"10,000"
International Live Touring,OML Entertainment Private Limited,Mumbai,Immediately,3 Months,"15,000"
Sales,AulaCube Technologies Private Limited,Ahmedabad,Immediately,3 Months,"20,000"
Advertisement Film Production,Deepwoods Online Services Private Limited,Bangalore,Immediately,3 Months,"5,000"
Social Media Marketing,Growify Digital,Delhi,Immediately,3 Months,"10,000"
Coordination,SuperTails,Bangalore,Immediately,3 Months,"15,000"
Climate Leader Stewardship,Energy Alternatives India,Chennai,Immediately,3 Months,"20,000"
Visual Merchandising,SuperTails,Bangalore,Immediately,3 Months,
Campus Ambassador,One Love,Work From Home,Immediately,3 Months,
HR Recruitment,EFOS Edumarketers Private Limited,Noida,Immediately,3 Months,"6,000"
Talent Sourcing,ODN Digital Services Private Limited,Delhi,Immediately,3 Months,"5,000"
Academic Content Expert - Physics (English),QA Solvers,Varanasi,Immediately,3 Months,"15,000"
Campus Ambassador,CodeMasters Studio,Work From Home,Immediately,3 Months,
Human Resources (HR),FabAlley,Noida,Immediately,3 Months,"7,000"
Business Development (Sales),Wealthvidya,Mumbai,Immediately,3 Months,"10,000"
Graphic Design,Girish Jain Proptech Private Limited,Noida,Immediately,3 Months,"8,000"
Customer Service,Concept Mastery,Ghaziabad,Immediately,3 Months,"2,000"
Corporate Sales,PatilKaki,Navi Mumbai,Immediately,3 Months,"8,000"
Digital Marketing,Grassrootz Products,Mumbai,Immediately,3 Months,"5,000"
Digital Marketing,Grassrootz Products,Mumbai,Immediately,3 Months,"5,000"
Product Marketing,Pepper Money,Mumbai,Immediately,3 Months,"15,000"
Human Resources (HR),TheCoinRepublic,Bhopal,Immediately,3 Months,"10,000"
Creative Media,Ostello India Private Limited,Delhi,Immediately,3 Months,"8,000"
Human Resources (HR),TheCoinRepublic,Indore,Immediately,3 Months,
Pharmacy Operations,SuperTails,Bangalore,Immediately,3 Months,"10,000"
Content Creation,Hilt Brands India Private Limited,Bangalore,Immediately,3 Months,"6,000"
Business Development (Sales),DevTown,Work From Home,Immediately,3 Months,"5,000"
Digital Marketing,Be Better Personal Care Private Limited,Bangalore,Immediately,3 Months,"6,999"
Business Development (B2C Channel),Prost Technologies Private Limited (OneAssure),Bangalore,Immediately,3 Months,"15,000"
Sales & Lead Generation,TestAIng Solutions,Bangalore,Immediately,3 Months,"10,000"
Inside Sales,SKILLFORGE E-LEARNING SOLUTIONS PRIVATE LIMITED,Bangalore,Immediately,3 Months,"10,000"
House Keeping,One Root,Bangalore,Immediately,3 Months,"2,500"
Graphic Design,BookMyShow,Mumbai,Immediately,3 Months,"7,500"
Social Media Marketing,Kiaya Accessories,Bangalore,Immediately,3 Months,"8,000"
Customer Service,Bluer,Mumbai,Immediately,3 Months,"15,000"
Business Development (Sales),SKILLFORGE E-LEARNING SOLUTIONS PRIVATE LIMITED,Bangalore,Immediately,3 Months,"10,000"
Academic Content Expert - Physics (English),QA Solvers,Noida,Immediately,3 Months,"22,000"
E-commerce Executive,"CropG1 Agro Research & Development Pvt. Ltd., Bangalore",Bangalore,Immediately,3 Months,"10,000"
Photography,Rentkar-Switch To Share,Mumbai,Immediately,3 Months,"14,000"
Graphic Design,Fabulous Media Private Limited,Gurgaon,Immediately,3 Months,"15,000"
Content Development (English),IDZ Digital Private Limited,Mumbai,Immediately,3 Months,"10,000"
Customer Success (Calling),Pepper Money,Mumbai,Immediately,3 Months,"15,000"
Tele Calling Sales,Skills Beyond Education,Bangalore,Immediately,5 Months,"12,000"
Search Engine Optimization (SEO),IDZ Digital Private Limited,Mumbai,Immediately,5 Months,"8,000"
Telemarketing [In Office],RK Media,Mumbai,Immediately,5 Months,"7,500"
Marketing,LexValueAdd Consulting Pvt. Ltd.,Mumbai,Immediately,5 Months,"10,000"
Hotel Management (Service),One Root,Bangalore,Immediately,5 Months,"2,500"
Marketing,Zedex Info Private Limited,Mumbai,Immediately,5 Months,"10,000"
Content Creation (Shoe Category),The Souled Store,Mumbai,Immediately,5 Months,"10,000"
B2B Sales,OpeninApp,Bangalore,Immediately,5 Months,"25,000"
Customer Service,Momorita,Bangalore,Immediately,5 Months,"12,000"
Marketing,Bempu Health,Bangalore,Immediately,5 Months,"15,000"
Digital Marketing,Creatiwise,Mumbai,Immediately,5 Months,"14,000"
Marketing,Pepper Money,Mumbai,Immediately,5 Months,"15,000"
Enterprise Account Management (Sales),Bilateral Solutions Private Limited,Mandi,Immediately,5 Months,"20,000"
Social Media Marketing,A TO Z Diamonds,Mumbai,Immediately,5 Months,"10,000"
Investment Advisory,Valcreate Investment Managers LLP,Mumbai,Immediately,5 Months,"10,000"
Social Media Marketing,Dangayach School Of Hotel Management,Jaipur,Immediately,5 Months,"10,000"
Customer Service & Social Media Management,Folk Creations,Mumbai,Immediately,5 Months,"3,000"
Digital Marketing,IDZ Digital Private Limited,Mumbai,Immediately,5 Months,"8,000"
Sales Development Representative,Stackwit (OPC) Private Limited,Bangalore,Immediately,5 Months,"12,000"
Academic Counseling,SKILLFORGE E-LEARNING SOLUTIONS PRIVATE LIMITED,Bangalore,Immediately,5 Months,"20,000"
Operations,YourDOST Health Solutions,Bangalore,Immediately,5 Months,"15,000"
Business Development (Sales),KRISHTEC,Erode,Immediately,5 Months,"8,000"
Business Development (Sales),Expertrons,Hyderabad,Immediately,5 Months,"10,000"
Graphic Art,IDZ Digital Private Limited,Thane,Immediately,5 Months,"8,000"
Customer Success,SkilloVilla Technologies Private Limited,Bangalore,Immediately,5 Months,"15,000"
Product Marketing,Eldon Marques,Mumbai,Immediately,5 Months,"5,000"
Social Media Marketing,Ukiyo Stays,Mumbai,Immediately,5 Months,
Field Sales,Qlearncept,Hyderabad,Immediately,5 Months,"15,000"
Academic Content Expert - Economics (English),QA Solvers,Varanasi,Immediately,5 Months,"15,000"
English Teaching,Book Einstein,Mumbai,Immediately,5 Months,"15,000"
Influencer Sales & Outreach,OpeninApp,Bangalore,Immediately,5 Months,"25,000"
Educational Video Creation,SR Edu Technologies,Hyderabad,Immediately,5 Months,"20,000"
Graphic Design,BrandVU,Mumbai,Immediately,5 Months,"10,000"
Operations,TopLine Vision,Kochi,Immediately,5 Months,"9,000"
Marketing (For Exhibitions),Tasuvure,Delhi,Immediately,5 Months,"20,000"
"Design (Fashion/Textile/Sourcing) Internship In Delhi,",Joints Health Private Limited,Delhi,Immediately,5 Months,"6,000"
Graphic Design,The Crimson Cape,Mumbai,Immediately,5 Months,"16,000"
Social Media Marketing,Content-Whale,Mumbai,Immediately,5 Months,"10,000"
Graphic Design,Anomalous,Mumbai,Immediately,5 Months,"15,000"
Sales And Marketing,Global Marketing Services,Bangalore,Immediately,5 Months,"10,000"
Telecalling,Rizzle,Hyderabad,Immediately,3 Months,"10,000"
Event Management,Visual Reality Events & Production,Bangalore,Immediately,3 Months,"10,000"
Social Media Marketing,Lord?? Mark Industries Private Limited,Thane,Immediately,3 Months,"8,000"
Content Writing,Elixir Equities Private Limited,Mumbai,Immediately,3 Months,"17,000"
Marketing And Sales,Parallel Minds,Pune,Immediately,3 Months,"5,000"
Business Development (Sales),10xTechClub,Pune,Immediately,3 Months,"5,000"
Content Writing,Mobavenue Media Private Limited,Mumbai,Immediately,3 Months,"10,000"
Admission Counselling,Digi Grow Hub Education,Pune,Immediately,3 Months,"3,000"
Digital Marketing,Appopoleis Studios,Mumbai,Immediately,3 Months,"15,000"
"Event Operations, Sports Management, Marketing, Sales, PR",Sports For All,Mumbai,Immediately,3 Months,"5,000"
Graphic Design,Momorita,Bangalore,Immediately,3 Months,"12,000"
FRONT OFFICE,One Root,Bangalore,Immediately,3 Months,"2,500"
FRONT OFFICE,One Root,Bangalore,Immediately,3 Months,"2,500"
Social Innovation,Makerble,Work From Home,Immediately,3 Months,"15,000"
Community Development,OpeninApp,Bangalore,Immediately,3 Months,"15,000"
Video Making/Editing,Creafinity LLP,Pune,Immediately,3 Months,"15,000"
Social Media Marketing,The Yellow Spot,Mumbai,Immediately,3 Months,"10,000"
Social Media Management,Qlearncept,Hyderabad,Immediately,3 Months,"18,000"
CXO Digital Expert Connect Related Work,"Digital Value Stream (Dubai, United Arab Emirates)",Work From Home,Immediately,3 Months,"5,000"
Human Resources (HR),Dynamic Monks,Delhi,Immediately,3 Months,"5,000"
Human Resources (HR),BlueCommerce,Delhi,Immediately,3 Months,"6,000"
Business Development (Sales & Marketing),Trucktek Private Limited,Pune,Immediately,3 Months,"12,000"
Graphic Design,Content-Whale,Mumbai,Immediately,3 Months,"10,000"
Client Servicing,DViO Digital Private Limited,Pune,Immediately,3 Months,"7,000"
Product Management,Fusion Data Solutions,Noida,Immediately,3 Months,"10,000"
Content Writing,IDZ Digital Private Limited,Mumbai,Immediately,3 Months,"8,000"
Architecture,Vartika Jangid,Jaipur,Immediately,3 Months,"15,000"
Human Resources (HR),Misemind Technologies,Delhi,Immediately,3 Months,"12,000"
Fashion Photography,Growify Digital,Delhi,Immediately,3 Months,"10,000"
Digital Marketing,Pro India,Work From Home,Immediately,3 Months,"1,000"
Content Development (English),Sports For All,Pune,Immediately,3 Months,"5,000"
Operations,Atelierish Media,Kolkata,Immediately,3 Months,"7,000"
Hotel Management (Food & Beverage Production),One Root,Bangalore,Immediately,3 Months,"2,500"
Copywriting,OML Entertainment Private Limited,Mumbai,Immediately,3 Months,"15,000"
Graphic Design & Management,DBG TECH SOLUTIONS,Mumbai,Immediately,3 Months,"8,000"
Digital Marketing,E2E Recycling Business Private Limited,Bangalore,Immediately,3 Months,"10,000"
Social Media Marketing,SVF Entertainment Private Limited,Kolkata,Immediately,3 Months,"10,000"
Affiliate Sales Strategy,OpeninApp,Bangalore,Immediately,3 Months,"25,000"
Content Marketing,SVF Entertainment Private Limited,Kolkata,Immediately,3 Months,"10,000"
Graphic Design,Uni-Med India,Mumbai,Immediately,3 Months,"9,000"
Customer Service,SVF Entertainment Private Limited,Kolkata,Immediately,3 Months,"10,000"
Video Making/Editing,SVF Entertainment Private Limited,Kolkata,Immediately,2 Months,"10,000"
Video Making/Editing,Arista Vault,Bangalore,Immediately,2 Months,"30,000"
Graphic Design,Trade Brains,Bangalore,Immediately,2 Months,"10,000"
Social Media Marketing (Branded Content),OML Entertainment Private Limited,Mumbai,Immediately,2 Months,"15,000"
Graphic Design,Faclon,Mumbai,Immediately,2 Months,"10,000"
Business Development (Sales),ArthaSarthi Financial Services,Pune,Immediately,2 Months,"10,000"
Architecture,Design Harmony,Bangalore,Immediately,2 Months,"5,000"
Social Media Marketing,Weekend UX,Work From Home,Immediately,2 Months,"5,000"
Sales,Breakout,Bangalore,Immediately,2 Months,"8,000"
Social Media Marketing - Hindi,SVF Entertainment Private Limited,Kolkata,Immediately,2 Months,"7,000"
Graphic Design,NetBramha Studios,Bangalore,Immediately,2 Months,"10,000"
Content Writing,Atelierish Media,Kolkata,Immediately,2 Months,"12,000"
Client Servicing - Advertising & Events,Matrix International,Kolkata,Immediately,2 Months,"8,000"
Graphic Design,Dashtoon,Bangalore,Immediately,2 Months,"15,000"
Graphic Design,Dashtoon,Bangalore,Immediately,2 Months,"15,000"
Business Development (Sales),Exa Mobility India Private Limited,Pune,Immediately,2 Months,"30,000"
AI Art,Dashtoon,Bangalore,Immediately,2 Months,"15,000"
Content Creation,10xTechClub,Pune,Immediately,2 Months,"5,000"
Founder In Residence,OpeninApp,Bangalore,Immediately,2 Months,"15,000"
Graphic Design,SVF Entertainment Private Limited,Kolkata,Immediately,2 Months,"10,000"
Supply Chain & Logistics Operations,Arcatron Mobility Private Limited,Pune,Immediately,2 Months,"12,000"
Management,One Root,Bangalore,Immediately,2 Months,"2,500"
Digital Art Illustration,Dashtoon,Bangalore,Immediately,2 Months,"15,000"
Subject Matter Expert (Chemical Engineering),Paradise Edu Services,Work From Home,Immediately,2 Months,"12,000"
Operations,Exa Mobility India Private Limited,Pune,Immediately,2 Months,"20,000"
Marketing,Idea Usher,Work From Home,Immediately,2 Months,"15,000"
Administration & Operations,Sarvam Foundation,Gurgaon,Immediately,2 Months,"2,000"
Business Development (Sports),Primeshift,Delhi,Immediately,2 Months,"12,000"
Social Media Management,Exa Mobility India Private Limited,Pune,Immediately,2 Months,"12,000"
New Market Acquisition Lead,One Root,Bangalore,Immediately,2 Months,"25,000"
Creative Design,Select Media Holdings LLP,Mumbai,Immediately,2 Months,"10,000"
Comic Book Illustration,Dashtoon,Bangalore,Immediately,2 Months,"15,000"
Graphic Design,Creafinity LLP,Pune,Immediately,2 Months,"12,000"
Human Resources (HR),Ukiyo Stays,Mumbai,Immediately,2 Months,"10,000"
Marketing,PlantByte Foods & Nutrition Pvt Ltd,Bangalore,Immediately,2 Months,"8,000"
Business Development (Sales),Ally Digital Media,Mumbai,Immediately,2 Months,"10,000"
Business Development (Sales),Sunburn Impex,Mumbai,Immediately,2 Months,"10,000"
Placement Operations,DataTrained Education Private Limited,Noida,Immediately,2 Months,"10,000"
Human Resources (HR),Traya Health,Mumbai,Immediately,2 Months,"15,000"
Human Resources (HR),Ekostay,Mumbai,Immediately,2 Months,"10,000"
Event Operations,Sports For All,Pune,Immediately,2 Months,"5,000"
Business Development (Sales),Johan Brown Publishing Private Limited,Hyderabad,Immediately,1 Month,"5,000"
HR,Manastu Space Technologies,Mumbai,Immediately,1 Month,"15,000"
Human Resources (HR),Growify Digital,Delhi,Immediately,1 Month,"12,000"
Social Media Marketing,Ally Digital Media,Mumbai,Immediately,1 Month,"8,000"
Recruitment,Touchcore Systems Private Limited,Pune,Immediately,1 Month,"10,000"
Client Servicing,One Root,Bangalore,Immediately,1 Month,"12,000"
Business Development (Sales),Ostello India Private Limited,Work From Home,Immediately,1 Month,"8,000"
Inside Sales,SmartED,Bangalore,Immediately,1 Month,"18,000"
Founders Office,Punt Partners,Bangalore,Immediately,1 Month,"15,000"
Social Media Marketing,Earth5R,Mumbai,Immediately,1 Month,"8,000"
Operations,Universal Adventures,Work From Home,Immediately,1 Month,"4,000"
Teaching (Pre-school),IDZ Digital Private Limited,Mumbai,Immediately,1 Month,"10,000"
Campus Ambassador,WeMakeScholars,Work From Home,Immediately,1 Month,
Operations,Avaesa,Chennai,Immediately,1 Month,"8,000"
Human Resources (HR),Arcatron Mobility Private Limited,Pune,Immediately,1 Month,"10,000"
Graphic Design And Video Marketing,RoaDo,Bangalore,Immediately,1 Month,"15,000"
Email Marketing,Reports Insights Consulting Private Limited,Pune,Immediately,1 Month,"7,000"
Research And Development,Arcatron Mobility Private Limited,Pimpri-Chinchwad,Immediately,1 Month,"30,000"
Content Development (Metaphysics),Avaesa,Chennai,Immediately,1 Month,"8,000"
Account Management,ODN Digital Services Private Limited,Delhi,Immediately,1 Month,"5,000"
Account Management,ODN Digital Services Private Limited,Delhi,Immediately,1 Month,"5,000"
Supply Chain & Logistics Operations,Inorbvict Healthcare India Private Limited,Pune,Immediately,1 Month,"6,000"
Telecalling,Qriocity Ventures Private Limited,Chennai,Immediately,1 Month,"20,000"
Content Writing,Star Watch Technologies,Chennai,Immediately,1 Month,"8,000"
Fashion Stylist,Ramp Asia,Delhi,Immediately,1 Month,"18,000"
Academic Content Writing,Qriocity Ventures Private Limited,Chennai,Immediately,1 Month,"15,000"
Sales,Qriocity Ventures Private Limited,Chennai,Immediately,1 Month,"20,000"
Digital Marketing,EDirectsys,Chennai,Immediately,1 Month,"8,000"
Customer Support,Qriocity Ventures Private Limited,Chennai,Immediately,1 Month,"15,000"
Event Management,Energy Alternatives India,Chennai,Immediately,1 Month,"15,000"
Content Management,Energy Alternatives India,Chennai,Immediately,1 Month,"20,000"
Social Media Marketing,Social Parindee Digital Marketing Agency Private Limited,Work From Home,Immediately,1 Month,"1,000"
Client Acquisition,OpeninApp,Bangalore,Immediately,1 Month,"25,000"
Digital Marketing,FightClub IAS,Bangalore,Immediately,1 Month,"6,000"
Subject Matter Expert (Chemistry),Paradise Edu Services,Work From Home,Immediately,1 Month,"12,000"
Digital Marketing & Pre-Sales,Greendzine Technologies,Bangalore,Immediately,1 Month,"18,000"
HR Coordination,Expertrons,Mumbai,Immediately,1 Month,"8,000"
Graphic Design,Swipe,Hyderabad,Immediately,1 Month,"25,000"
Accounting and Finance,DAKSM & Co. LLP,Noida,Immediately,1 Month,"10,000"
Sales & Business Development,Energy Alternatives India,Chennai,Immediately,1 Month,"15,000"
Chartered Accountancy (CA),Nopany & Associates,Kolkata,Immediately,1 Month,"5,000"
Mathematics And Statistics,Scan Holdings Private Limited,Delhi,Immediately,2 Months,"6,000"
Social Sciences For Research On SDG/ESG Reporting,Darukaa ESG,Mumbai,Immediately,2 Months,"11,000"
Sports Operation,Sports For All,Pune,Immediately,2 Months,"5,000"
Business Development,Re.Act Waste Tech Pvt. Ltd,Kolkata,Immediately,2 Months,"5,000"
Digital Marketing,CLASSMITRA TECH PRIVATE LIMITED,Pune,Immediately,2 Months,"10,000"
Storyboard Artistry For Webtoons,Dashtoon,Bangalore,Immediately,2 Months,"15,000"
Administration And Operations,Matrix International,Kolkata,Immediately,2 Months,"8,000"
Sketching Art,Dashtoon,Bangalore,Immediately,2 Months,"5,000"
Brand Management,Energy Alternatives India,Chennai,Immediately,2 Months,"15,000"
Marketing,RoaDo,Bangalore,Immediately,2 Months,"15,000"
Event Management,Sunday Bricks Edu Services,Thane,Immediately,2 Months,"10,000"
Event Management,Star Production,Delhi,Immediately,2 Months,"3,000"
Talent Acquisition,SKILLFORGE E-LEARNING SOLUTIONS PRIVATE LIMITED,Bangalore,Immediately,2 Months,"10,000"
Social Media Marketing,Nikita Vakil,Mumbai,Immediately,2 Months,"2,500"
Business Development,Brinnova,Hyderabad,Immediately,2 Months,"20,000"
E-Commerce Sales,Avaesa,Chennai,Immediately,2 Months,"4,000"
Graphic Design,Aero Armour,Kolkata,Immediately,2 Months,"5,000"
Human Resources (HR),Digi Grow Hub Education,Chinchwad,Immediately,2 Months,"3,000"
Executive Assistant,Datastack Technologies Private Limited,Pune,Immediately,2 Months,"10,000"
Executive Assistant,Datastack Technologies Private Limited,Pune,Immediately,2 Months,"10,000"
Customer Success,SuperNova,Bangalore,Immediately,2 Months,"15,000"
Metallurgical Engineering,Manastu Space Technologies,Mumbai,Immediately,2 Months,"15,000"
Human Resources (HR),Branch Karma,Mumbai,Immediately,2 Months,"5,000"
Human Resources (HR),IIDE Education Private Limited,Mumbai,Immediately,2 Months,"5,000"
Marketing,Studio Image Works,Gurgaon,Immediately,2 Months,"8,000"
Organizational Psychology,Future Skills,Hyderabad,Immediately,2 Months,"18,000"
Sales,AulaCube Technologies Private Limited,Pune,Immediately,2 Months,"20,000"
Administration,Avaesa,Chennai,Immediately,2 Months,"4,000"
